ID,Título,Precio,Precio Original,Condición,Cantidad disponible,Marca,Envío gratuito
MLA1642499266,Termo De Acero Inoxidable 1 Litro Frio Calor,23099.34,34999,new,100,Genérica,True
MLA1424303345,Termo Bala Acero Inox Doble Capa Termica 1 Litro Con Estuche Color Plateado,9400,,new,1,Libercam,False
MLA1409013755,Termo Thermio 1 L Pico Cebador Uso Extremo De Acero Inoxidable 1l Negro,34999.3,49999,new,100,Thermio,True
MLA1269105647,Termo Media Manija Uruguayo 1 Litro Acero Inoxidable Cosmos Color Plateado,11500,,new,1,Cosmos,False
MLA1489681646,Termo Bala Acero Inoxidable 1 Litro Con Tapón Matero Y Funda Color Plateado,10135,,new,1,Termo,False
MLA1719496810,Termo Waterdog Ombu 1000ml Negro Ombu1000bk,40740,,new,250,Waterdog,True
MLA1379735015,Termo Stanley Clásico 1.4 Litros Con Manija Color Azul Lake,120000,,new,50,Stanley,True
MLA1565666500,Termo Stanley Classic 950ml Rosa,106000,,new,250,Stanley,True
MLA1418126260,Termo South Port Pico Cebador 1 Litro Acero Inoxidable,26499,27999,new,150,South Port,True
MLA1583167802,Termo Kushiro Ds607v De Acero Inoxidable 1l Gris,25999,32999,new,500,Kushiro,True
MLA1696242276,Termo Kanson Acero Ks-009 De Acero Inoxidable 1l Blancoblanco,17100,,new,50,Kanson,False
MLA1670706112,Termo Stanley Original Mate System Classic 1.2 Litros,149999,,new,1,Stanley,True
MLA1758798764,Termo Lumilagro Acero Luminox De Acero Inoxidable 1l Acero,36672,,new,1,Lumilagro,True
MLA1175815562,Termo Acero Inoxidable Lusqtoff 750 Ml Frio Calor 20hs Verde,23399.13,29998.89,new,1,Lüsqtoff,True
MLA1389251414,Termo Coleman Matero De Acero Inoxidable 0.7l Negro,63543.45,74757,new,1,Coleman,True
MLA1396221554,Termo Bala 1 Litro Acero Inoxidable Doble Capa Termica Color Plateado,10999,12999,new,100,SZM,False
MLA927863836,Stanley Termo Clásico 1.4 Lts Asa Plegable Verde,120000,,new,1,Stanley,True
MLA1394162097,Termo Acero Inoxidable Pico Cebador Dakota 750ml Colores Color Rosa,44981.5,44981.5,new,1,Dakota,True
MLA1419228083,Termo Waterdog Ombu 1000ml Blanco Ombu1000wh,42176,,new,500,Waterdog,True
MLA1408950401,Termo Thermio 1 L Pico Cebador Uso Extremo De Acero Inoxidable 1l Blanco,34999.3,49999,new,50,Thermio,True
MLA1402627507,Termo Acero Inoxidable Pico Cebador Dakota 1 Litro Colores Color Negro,29420.32,51614.6,new,1,Dakota,True
MLA1398464067,Termo Rolan Mate Listo Autocebante 750ml Rosa,15336,,new,1,Rolan,False
MLA1396424161,Termo Media Manija 1 L Acero Inoxidable Pico Matero Cebador Color Plateado,11054,,new,50,Big Star,False
MLA1407777799,Termo Aquatal Everest De Acero Inoxidable 1l Rosa,35991,39990,new,1,Aquatal,True
MLA1390258760,Termo Discovery Verde Acero Inoxidable - Doble Capa Frio Calor Mate Agua 750ml,27649,,new,1,Discovery,True
MLA1693839110,Termo 1 L Media Manija Pico Matero Acero Doble Capa Color Plateado,11881,,new,1,El Rey del Termo,False
MLA1293638026,Termo Acero Inox Lusqtoff  Color: Negro Tl1-9n 1 Lt Tapón Cebador,43528.06,62873.75,new,1,Lüsqtoff,True
MLA1408962505,Termo Thermio 1 L Pico Cebador Uso Extremo De Acero Inoxidable 1l Verde,34999.3,49999,new,100,Thermio,True
MLA1576215370,Mate Listo Autocebante Acero Inox. 750ml Rolan Elegante Color Blanco,17900,,new,1,Rolan,False
MLA1757126526,Lumilagro Futbol Acero 1 L Blanco Afa 3 Estrellas,55400,,new,1,Lumilagro,True
MLA1421164605,Termo Waterdog Ombu 1000ml Verde Ombu1000gm,39999,,new,500,Waterdog,True
MLA899038893,Set Termo Acero Inox 1 Litro Cebador + Mate Termico Inox,22619.42,38999,new,1,Sumate,False
MLA1487759658,"Termo Bidon Termico 2,5 Lts Tereré C/pico Cebador Termolar",14324.1,37695,new,500,Termolar,False
MLA1508223222,Termo Stanley Mate System 1.2 Lts Maple,133000,,new,150,Stanley,True
MLA1577025802,Mate Listo Autocebante Acero Inox. 750ml Rolan Genial,21283,,new,1,Rolan,False
MLA1696244366,Termo 1 Litro Media Manija Acero Doble Capa Pico Matero Color Gris,15000,,new,5000,Nobel Home Germany,False
MLA1414276957,Termo Obus Waterdog 1000ml Negro Obus1000bk,55600,55600,new,50,Waterdog,True
MLA1402024661,Termo Alimentos Vianda C/cuchara Acero Inox Doble Capa 800ml Color Rosa,35435.4,,new,1,Cookpops,True
MLA1379637011,Termo Bala Acero Inox Capa Termica 1 Litro + Estuche Colores Color Celeste,11959.54,25999,new,1,Libercam,False
MLA1551749924,Termo Acero Inoxidable Pico Cebador Dakota 750ml Colores Color Negro,44981.5,44981.5,new,1,Dakota,True
MLA1604244306,Termo Lumilagro Luminox Negro De Acero Inoxidable 1 L,57303,,new,1,Lumilagro,True
MLA1416199353,Termo Termolar Revolution Negro 1 Lts 5 Años Bentan,68700,,new,1,Termolar,True
MLA1130157767,Termo Contigo 2070896 De Acero Inoxidable 0.739l Negro,55447,72899.99,new,1,Contigo,True
MLA1439283222,Termo Bala Acero Inox Capa Termica 1 Litro + Estuche Colores Color Lila,11959.54,25999,new,1,Libercam,False
MLA1736601112,Termo Rolan Mate Listo Autocebante De Acero Inoxidable 750ml Verde,16799,,new,1,Rolan,False
MLA1409348185,Termo Stanley Adventure To-go Negro| 1 Lt,106000,,new,1,Stanley,True
MLA1439045038,Termo Bala Acero Inox Capa Termica 1 Litro + Estuche Colores Color Rosa Claro,11959.54,25999,new,1,Libercam,False
MLA1402672133,Termo Acero Inoxidable Pico Cebador Dakota 1 Litro Colores Color Blanco,29420.32,51614.6,new,1,Dakota,True
MLA1652476862,Termo Rolan Mate Listo Autocebante 750ml Acero Inoxidable Color Coral,16798,,new,1,Rolan,False
MLA1747888504,Termo Kovea Acero Inoxidable Bala 750 Ml Frio Calor 24 Hs,30499,38123.75,new,1,Kovea,True
MLA1407803671,Termo Aquatal Everest De Acero Inoxidable 1l Negro,35991,39990,new,1,Aquatal,True
MLA1135358232,Termo  De Acero Inoxidable 2.5l,22149,,new,500,Vestax,False
MLA1401820089,Termo Stanley 950ml Manija Tapón Cebador,106000,,new,1,Stanley,True
MLA1416572051,Termo Acero Inoxidable Pico Cebador Dakota 1.3l Colores Color Azul,34169.49,57914.4,new,1,Dakota,True
MLA1332788944,Termo Contigo 2070898 De Acero Inoxidable 1.1l,64099,,new,1,Contigo,True
MLA924320642,Termo Lumilagro Acero Luminox - Cuero Ecológico - 1l Bandera Argentina,53424.51,,new,100,Lumilagro,True
MLA1163399742,Termo Sumate 1 Litro Acero Inoxidable Con Manija ,19079.36,29999,new,1,Sumate,False
MLA1749281182,Termo Contigo 2070897 De Acero Inoxidable 1.1l Negro,82709.1,91899,new,1,Contigo,True
MLA1389361649,Termo Contigo 2.0 739ml Acero Inoxidable Color Specked,57933,,new,1,Contigo,True
MLA1634854762,Termo Rolan Mate Listo Autocebante 750ml Acero Inoxidable Color Celeste,16599,,new,1,Rolan,False
MLA1453392750,Termo Discovery Acero Inoxidable 1.3 Litros Grande Matero Color Verde,39730,,new,1,Discovery Adventures,True
MLA1394100519,Termo Acero Inoxidable Pico Cebador Dakota 750ml Colores Color Verde,44981.5,44981.5,new,1,Dakota,True
MLA1105540919,Termo Bremen 7167 De Acero Inoxidable 0.6l,33945,,new,1,Bremen,True
MLA1642616870,Termo Discovery 1.3l Acero Inoxidable Mate Todo Uso Camping Color Azul,40075,45514,new,1,Discovery Adventures,True
MLA1414651633,Termo Alimentos Vianda C/cuchara Acero Inox Doble Capa 800ml Color Verde,35435.4,,new,1,Cookpops,True
MLA1588674860,Termo Kushiro 1200ml Manija Y Pico Cebador 24hs Doble Capa Color Gris,29999,,new,1,Kushiro,True
MLA1419025227,Termo Termolar R-evolution Revolution Acero Inox Negro 1 Ltr,65856,,new,1,Termolar,True
MLA1742831840,Termo Coleman Matero De Acero Inoxidable 1.2l Blanco,71700,,new,1,Coleman,True
MLA1310589631,Termo Acero Inoxidable Lüsqtoff 1.3 Lt Azul Frio Calor Stan,47249.16,62998.75,new,1,Lüsqtoff,True
MLA1422403607,Termo 1200 Ml De Acero Color Negro - Contigo,96900,,new,1,Contigo,True
MLA1134953511,Termo Waterdog Obus Obus De Acero Inoxidable 0.75l Black,44573,,new,1,Waterdog,True
MLA1394074387,Termo Acero Inoxidable Pico Cebador Dakota 750ml Colores Color Celeste,44981.5,44981.5,new,1,Dakota,True
MLA1422867897,Termo Waterdog Ombu 1000 De Acero Inoxidable 1l Azul In,39999,,new,1,Waterdog,True
MLA1604309372,Termo Lumilagro Luminox Blanco De Acero Inoxidable 1l,56713,,new,1,Lumilagro,True
MLA1648330794,Termo Acero Inoxidable Doble Capa Frio Calor Mate Agua 750ml Color Negro,28176,,new,1,Discovery,True
MLA923912038,Termo Montagne Bala De Acero Inoxidable 1l Plateado,61821.91,61821.91,new,1,Montagne,True
MLA1224116496,Repuesto Lumilagro Para Termos 1 Lt Universal ,6998,,new,50,Lumilagro,False
MLA1758774162,Stanley Mate System 800ml Negro,79999,,new,1,Stanley,True
MLA1685611284,"Termo Matero Coleman Acero Inox 1,2 Litros Azul Cebador",72357,,new,1,Coleman,True
MLA907768442,Mate Listo Autocebante Acero Inoxidable Engomado Importado,21274.26,28749,new,1,Tienda Dos,False
MLA1460550886,Termo Bala De Acero Inoxidable Libercam Terac-780na Capa Termica 1 Litro Color Naranja + Estuche,11959.54,25999,new,1,Libercam,False
MLA1334711227,Termo Sumate 1 Litro Acero Inoxidable Tapon Cebador,14999.25,19999,new,1,Sumate,False
MLA1566860892,Mate Listo Autocebante Automatico Terere Termo Acero 500 Ml,14999,,new,50,Rolan,False
MLA1606369996,Termo Lumilagro Luminox Acero Inoxidable Ruta 40 1 L,56900,,new,1,Lumilagro,True
MLA1536304242,Termo Kovea Termo Acero Inoxidable Black Stone De Acero Inoxidable 1l Negro,33199,,new,1,Kovea,True
MLA1413641447,Termo Discovery De Acero Inoxidable 1.3 Litros Mate Camping Color Verde,49610,60500,new,250,Discovery,True
MLA1394162101,Termo Acero Inoxidable Pico Cebador Dakota 750ml Colores Color Azul,44981.5,44981.5,new,1,Dakota,True
MLA1634190338,Termo De Acero Luminox Azul 1l Lumilagro,51500,,new,1,Lumilagro,True
MLA1658654968,Termo Para Alimentos Bra Vianda Acero Inox Doble Capa 800 Gr Color Negro,68330.87,,new,1,BRA,True
MLA1670151436,Termo Deportivo Botella Térmica 600ml Acero Inox Bremen 7296 Color Azul,33564,,new,1,Bremen,True
MLA1696243908,Termo Stanley Classic 1 Litro Verde Color Hammertone Green,80000,,new,50,Stanley,True
MLA1414331775,Waterdog Obus 1 L White,55600,55600,new,1,Waterdog,True
MLA1370706614,Termo Mor Total Inox Fit - 1 L - Gris,14590,,new,1,Mor,False
MLA1536308080,Termo Waterdog Obus 1000ml Dark Graphite Obus1000dgf,55000,,new,500,Waterdog,True
MLA1402297693,Termo Bala De Acero Inoxidable 500 Ml,9306,,new,1,Home Basics,False
MLA1713661138,Dakota Acero T1300 1300 Ml Celeste,34169.49,57914.4,new,50,Dakota,True
MLA924461750,Termo Acero Inoxidable 1000ml Negro Ta1001abk,49860,55400,new,1,Waterdog,True
MLA1400998391,Termo Bala Acero Inoxidable X1 L Doble Capa Térmica+ Estuche Color Como El De La Foto,13136,,new,1,De Fabica,False
MLA1753398048,Termo Acero Inoxidable Lumilagro Luminox 1 Litro  Color Violeta Pastel,48499,,new,1,Lumilagro,True
MLA1747914714,Termo Kovea Mega Hot De Acero Inoxidable 1.5l Plateado,40349,50436.25,new,1,Kovea,True
MLA1715328254,Termo Bala Acero Inox 500ml Doble Capa Térmica Color Plateado,8099.1,8999,new,1,Genérica,False
MLA1536274410,Termo Termolar R-evolution Rolha-dupla1 De Acero Inoxidable 1l Acero Inoxidable,59817.85,,new,500,Termolar,True
MLA867340894,Termo Acero Con Manija 1 L Mate Uruguayo + Bombilla Regalo,31799.36,31799.36,new,1,Tienda Dos Amigos,True
MLA1383073701,Termo Stanley Classic Legendary Bottle 2.5 Qt De Acero Inoxidable Hammertone Green,143000,,new,1,Stanley,True
MLA1407790699,Termo Aquatal Everest De Acero Inoxidable 1l Azul,35991,39990,new,1,Aquatal,True
MLA1747931648,Termo Acero Inoxidable Lüsqtoff 1 Lt Blanco Frío Calor Stan,41899,,new,1,Lüsqtoff,True
MLA1589727006,Termo Acero Inoxidable Explorer 1 Litro Blanco Premium,48816,54240,new,1,Explorer,True
MLA1402697925,Termo Acero Inoxidable Pico Cebador Dakota 1 Litro Colores Color Azul,29420.32,51614.6,new,1,Dakota,True
MLA1758813302,Termo Stanley Clásico 1.4lts Negro,62793,,new,1,Stanley,True
MLA1402710711,Termo Acero Inoxidable Pico Cebador Dakota T1000 1 Litro Colores Color Celeste,29420.32,51614.6,new,1,Dakota,True
MLA1516109110,Discovery Termo Acero Mate Camping 1 Litro ,24990,,new,50,Discovery,True
MLA1607100970,Termo 1000 Ml. Discovery Adventure 14721 Acero Inoxidable,28990,,new,1,Discovery Adventure,True
MLA1670149178,Stanley Flowsteady Termo Botella Térmica 500ml,80000,,new,1,Stanley,True
MLA1746605872,Termo 1.3 Litros Discovery Acero Inox 24 Hs Frio Calor Color Negro,43699.05,45999,new,1,Discovery Adventures,True
MLA1608429674,Termo Bala De 500 Ml. Ekco Classic De Acero Inoxidable Color,13249,,new,1,Ekco,False
MLA1402523287,Termo Stanley 1.4 Lt Color Azul Nightfall,120000,,new,1,Stanley,True
MLA1420535239,Termo Acero Inoxidable Lusqtoff 1 Litro Frio/calor Verde,44815.01,,new,1,Lüsqtoff,True
MLA1343772463,Termo Media Manija River Libertadores Acero Pico Cebador,24499.55,25789,new,500,Grabados Conquer,True
MLA1410457857,Stanley Termo Adventure 500 Ml Polar,85000,,new,1,Stanley,True
MLA1411480935,"Termo Uruguayo,1 L. Media Manija Nobel Home Pico Cebador Color Plateado",23750,25000,new,1,Nobel Home Germany,True
MLA1408850859,Termo Discovery Bottles & Cups 800ml Color Plateado Brillose,22999,,new,1,Discovery,False
MLA1457260174,Termo Stanley Adventure 1 L Pico Cebador Edición Especial Color Nightfall / Edición Especial,111000,,new,1,Stanley,True
MLA1419306615,Termo Coleman Acero Inox Matero 360 700ml Color Azul Oscuro,90955.68,108539,new,1,Coleman,True
MLA1401930169,Termo Media Manija Personalizado Color Plateado,11899,,new,1,Suprema,False
MLA1664673588,Termo 1.3l A Bomba Doble Acero/frio/calor Color Gris,23000,,new,1,Vestax,True
MLA1364030965,"Termo Matero 1000ml Vonne Ccn040 Acero 30,7cm Doble Pared Color Turquesa",24900,,new,1,Vonne,True
MLA1144911773,Termo Acero Inox Kanson 1 Litro Pico Cebador Doble Capa F/c,19889.1,22099,new,1,Kanson,False
MLA1362839939,Termo Acero Black Varios Diseños 1l Media Manija,32989,,new,500,Genérica,True
MLA1414292497,Termo Waterdog Obus De Acero Inoxidable 1 Litro * Color Azul,55600,55600,new,1,Waterdog,True
MLA1685649386,Termo Coleman Acero Inoxidable 1200 Ml. Color Negro,72456,,new,1,Coleman,True
MLA1445642190,Termo Acero Inox Pico Cebador Matero Coleman 700ml - Color Sage,67355,70900,new,50,Coleman,True
MLA1621001312,Termo Bala 500 Ml Acero Inoxidable Sunlight Color Plateado,9900,,new,1,Sunlight,False
MLA1185493799,Termo Lusqtoff  Tl19 Clasico Con Manija Azul 1 L Acero Inox Color Azul,39280.39,52373.75,new,1,Lüsqtoff,True
MLA905177117,Termo De Acero Bicapa 1 Litro - Aquatal Everest - El Mejor!!,35671.08,39990,new,250,Aquatal,True
MLA1451187540,Termo Atom Sport 1l Pico Matero 360 Doble Ampolla Frio Calor Color Verde,13265.34,,new,1,Atom,False
MLA1663070100,Termo Acero Inoxidable 1 Litro Pico Cebador Alta Duracion Color Gris,21373,,new,1,BAZARTE,False
MLA1750439020,Combo Stanley Termo Classic 950ml Y Mate Acero Inoxidable Rosa,161000,,new,150,Stanley,True
MLA1424124603,Stanley Termo Clásico De Acero Inoxidable 1l Rojo,86449,,new,1,Stanley,True
MLA1437406564,Mate Listo Termo Autocebante 750 Ml Termico Acero Inox.,18400,,new,1,Rolan,False
MLA1402646683,Termo Acero Inoxidable Pico Cebador Dakota 1 Litro Colores Color Verde,29420.32,51614.6,new,1,Dakota,True
MLA1150483775,Termo Bala Acero Inox 500ml Doble Capa Térmica Medio Litro,9494.1,10549,new,1,Genérica,False
MLA820820504,Termo Uruguayo 1 L Media Manija Pico Matero Acero Doble Capa,12719.36,19999,new,50,Tienda Dos Amigos,False
MLA1419211977,Termo Contigo 2.0 1.1 Lt Acero Inoxidable -  Color Carbón,76499.15,89999,new,1,Contigo,True
MLA1424298467,Termo Stanley Mate System Maple 800ml,99000,,new,1,Stanley,True
MLA1588522666,Termo Acero Inoxidable Explorer 1 Litro Rosa 24hs Frio Calor,48816,54240,new,1,Explorer,True
MLA850529486,Termo Bala Acero Inox 1 Litro Doble Capa Termica Con Estuche,9990.54,15858,new,50,Home Basics,False
MLA1299456658,Termo Bomba De Acero Inoxidable Frio Calor 2.5 Litros ,32299.05,33999,new,1,Maxon,True
MLA1384827469,Termo Vianda Para Alimentos Acero Inox 475 Ml - Tupperware® Color Azul,59999,,new,1,Tupperware,True
MLA1556451872,Termo Acero Inoxidable Explorer 1 Litro Negro,57999,,new,1,Explorer,True
MLA1409131581,Termo Lumilagro Luminox River Plate Acero Inoxidable 1lts Color Corbata,56700,,new,1,Lumilagro,True
